State,cites/town,Type,ICSEA Ratio,Count
NSW,Sydney,Primary,Average,859
NSW,Sydney,Combined,Higher ,289
NSW,Sydney,Secondary,Higher ,288
NSW,Newcastle-Maitland,Primary,Higher ,123
NSW,Wollongong City Council,Primary,Average,60
WA,Joondalup,Primary,Average,32
NSW,Newcastle-Maitland,Secondary,Average,30
NSW,Gosford,Primary,Higher ,29
NSW,Newcastle-Maitland,Combined,Higher ,26
NSW,Wagga Wagga City Council,Primary,Higher ,24
WA,Joondalup,Combined,Average,17
NSW,Wollongong City Council,Secondary,Average,15
NSW,Port Macquarie,Primary,Higher ,14
NSW,Albury,Primary,Average,13
NSW,Dubbo,Primary,Average,13
NSW,Gosford,Combined,Average,13
WA,Geraldton,Combined,Average,11
NSW,Tamworth,Primary,Average,11
NSW,Coffs Harbour,Primary,Higher ,10
NSW,Gosford,Secondary,Average,10
NSW,Grafton,Primary,Higher ,10
NSW,Wollongong City Council,Combined,Average,10
NSW,Bathurst,Primary,Average,9
NSW,Goulburn,Primary,Average,9
NSW,Armidale,Primary,Average,8
NSW,Broken Hill,Primary,Higher ,8
WA,Geraldton,Primary,Higher ,8
NSW,Orange,Primary,Higher ,8
NSW,Armidale,Combined,Average,7
WA,Baldivis,Primary,Higher ,7
WA,Bunbury,Combined,Average,7
WA,Bunbury,Primary,Average,7
WA,Claremont,Combined,Average,7
WA,Griffith,Primary,Higher ,7
WA,Joondalup,Secondary,Average,7
NSW,Queanbeyan,Primary,Higher ,7
NSW,Taree,Primary,Higher ,7
NSW,Albury,Combined,Average,6
WA,Byford,Primary,Higher ,6
WA,Dianella,Combined,Average,6
NSW,Dubbo,Secondary,Average,6
NSW,Dungog,Primary,Higher ,6
WA,Kalgoorlie,Primary,Higher ,6
WA,Merriwa,Primary,Higher ,6
WA,Mosman Park,Combined,Higher ,6
NSW,Murwillumbah,Combined,Average,6
NSW,Orange,Combined,Higher ,6
NSW,Wagga Wagga City Council,Secondary,Average,6
WA,Armadale,Primary,Higher ,5
WA,Australind,Primary,Average,5
NSW,Bulahdelah,Primary,Average,5
WA,Canning Vale,Primary,Average,5
NSW,Cooma,Combined,Average,5
NSW,Deniliquin,Primary,Average,5
WA,Ellenbrook,Combined,Average,5
WA,Ellenbrook,Primary,Higher ,5
NSW,Griffith City Council,Primary,Average,5
NSW,Newcastle,Primary,Average,5
WA,Rockingham,Combined,Higher ,5
NSW,Tamworth,Secondary,Average,5
WA,Thornlie,Primary,Higher ,5
NSW,Tweed Heads,Primary,Average,5
WA,Alkimos,Combined,Average,4
NSW,Alstonville,Primary,Average,4
WA,Baldivis,Combined,Average,4
NSW,Bathurst,Combined,Average,4
NSW,Bowral,Combined,Average,4
NSW,Coffs Harbour,Combined,Average,4
NSW,Coffs Harbour,Secondary,Higher ,4
NSW,Culcairn,Primary,Average,4
WA,Dianella,Primary,Average,4
NSW,Dubbo,Combined,Average,4
NSW,Forbes,Primary,Average,4
WA,Forrestfield,Combined,Average,4
NSW,Gloucester,Primary,Higher ,4
NSW,Goonellabah,Combined,Average,4
WA,Gosnells,Primary,Higher ,4
NSW,Grafton,Secondary,Average,4
WA,Hamilton Hill,Combined,Higher ,4
NSW,Junee,Primary,Average,4
WA,Kalgoorlie,Combined,Average,4
NSW,Laurieton,Primary,Average,4
NSW,Leeton,Primary,Average,4
NSW,Lithgow,Primary,Higher ,4
WA,Mindarie,Combined,Average,4
WA,Mount Claremont,Combined,Average,4
WA,Mount Lawley,Combined,Average,4
NSW,Mullumbimby,Combined,Average,4
NSW,Muswellbrook,Primary,Average,4
NSW,Parkes,Primary,Higher ,4
NSW,Port Macquarie,Secondary,Average,4
WA,Singleton,Primary,Higher ,4
NSW,Tamworth,Combined,Average,4
WA,Victoria Park,Combined,Average,4
NSW,Wagga Wagga City Council,Combined,Average,4
NSW,Warialda,Primary,Higher ,4
WA,Wellard,Combined,Average,4
NSW,Woodburn,Primary,Average,4
WA,Yakamia,Combined,Average,4
NSW,Albion Park,Primary,Average,3
NSW,Albury,Secondary,Average,3
WA,Armadale,Combined,Higher ,3
NSW,Armidale,Secondary,Higher ,3
WA,Balcatta,Primary,Average,3
WA,Balga,Primary,Higher ,3
WA,Ballajura,Primary,Higher ,3
WA,Bassendean,Primary,Average,3
NSW,Bathurst,Secondary,Average,3
WA,Beechboro,Primary,Higher ,3
NSW,Bega,Combined,Average,3
NSW,Bega,Primary,Average,3
NSW,Bourke,Primary,Lower,3
NSW,Bowraville,Primary,Average,3
NSW,Braidwood,Combined,Average,3
WA,Broome,Combined,Higher ,3
WA,Bunbury,Secondary,Higher ,3
WA,Busselton,Combined,Average,3
WA,Busselton,Primary,Higher ,3
WA,Butler,Combined,Average,3
NSW,Casino,Primary,Average,3
NSW,Cessnock,Primary,Average,3
WA,Collie,Primary,Higher ,3
NSW,Cootamundra,Primary,Average,3
NSW,Corowa,Primary,Higher ,3
NSW,Cowra,Primary,Higher ,3
WA,Esperance,Combined,Average,3
WA,Esperance,Primary,Higher ,3
WA,Forrestfield,Primary,Higher ,3
WA,Fremantle,Combined,Average,3
WA,Girrawheen,Combined,Higher ,3
NSW,Gunnedah,Primary,Average,3
NSW,Guyra,Primary,Higher ,3
WA,Halls Head,Primary,Average,3
WA,Hamilton Hill,Primary,Higher ,3
NSW,Inverell,Primary,Average,3
NSW,Inverell,Secondary,Higher ,3
NSW,Jerilderie,Primary,Average,3
WA,Karrinyup,Combined,Average,3
WA,Kelmscott,Primary,Higher ,3
WA,Kenwick,Combined,Average,3
WA,Landsdale,Combined,Higher ,3
WA,Langford,Combined,Average,3
WA,Leeming,Primary,Average,3
WA,Lesmurdie,Combined,Average,3
NSW,Lismore,Primary,Average,3
NSW,Maclean,Primary,Average,3
WA,Maddington,Primary,Higher ,3
WA,Meadow Springs,Combined,Average,3
WA,Middle Swan,Combined,Average,3
WA,Midland,Combined,Higher ,3
NSW,Mittagong,Primary,Average,3
NSW,Moree,Combined,Average,3
NSW,Moree,Primary,Average,3
WA,Morley,Primary,Average,3
NSW,Mudgee,Primary,Higher ,3
NSW,Mullumbimby,Primary,Average,3
WA,Mundaring,Combined,Average,3
NSW,Mungindi,Primary,Average,3
NSW,Murwillumbah,Primary,Average,3
NSW,Nambucca Heads,Primary,Higher ,3
NSW,Narrabri,Primary,Average,3
NSW,Narrandera,Primary,Average,3
NSW,Narromine,Primary,Higher ,3
WA,Noranda,Primary,Average,3
WA,Northam,Primary,Higher ,3
NSW,Nowra,Primary,Average,3
NSW,Nowra,Secondary,Average,3
NSW,Oak Flats,Combined,Average,3
NSW,Orange,Secondary,Average,3
WA,Perth,Combined,Average,3
NSW,Picton,Primary,Higher ,3
WA,Port Kennedy,Primary,Higher ,3
NSW,Quirindi,Primary,Average,3
WA,Rivervale,Combined,Higher ,3
NSW,Scone,Primary,Average,3
WA,South Hedland,Primary,Lower,3
WA,South Perth,Combined,Average,3
WA,Southern River,Combined,Average,3
WA,Spearwood,Primary,Higher ,3
NSW,Swansea,Primary,Average,3
NSW,Taree,Secondary,Higher ,3
NSW,Temora,Primary,Higher ,3
NSW,Toormina,Primary,Average,3
NSW,Wauchope,Primary,Average,3
WA,Wembley,Combined,Higher ,3
WA,Wembley,Primary,Average,3
NSW,Wentworth,Primary,Higher ,3
WA,Willetton,Primary,Average,3
NSW,Wingham,Primary,Higher ,3
NSW,Woolgoolga,Primary,Average,3
NSW,Wyong,Combined,Average,3
WA,Yangebup,Combined,Average,3
NSW,Yass,Primary,Average,3
NSW,Young,Primary,Average,3
NSW,Adelong,Primary,Average,2
NSW,Albion Park,Secondary,Average,2
WA,Applecross,Combined,Average,2
WA,Attadale,Combined,Average,2
WA,Atwell,Primary,Average,2
WA,Australind,Combined,Higher ,2
WA,Aveley,Combined,Average,2
WA,Aveley,Primary,Lower,2
WA,Balgo,Combined,Lower,2
NSW,Ballina,Combined,Average,2
NSW,Ballina,Primary,Average,2
NSW,Balranald,Primary,Higher ,2
WA,Banksia Grove,Primary,Higher ,2
NSW,Baradine,Primary,Average,2
NSW,Barraba,Primary,Higher ,2
NSW,Bateau Bay,Primary,Average,2
NSW,Batlow,Primary,Average,2
WA,Bayswater,Primary,Average,2
WA,Beaconsfield,Primary,Average,2
WA,Bedfordale,Combined,Average,2
WA,Beeliar,Primary,Average,2
NSW,Bellingen,Primary,Higher ,2
WA,Bentley,Primary,Higher ,2
NSW,Berrigan,Primary,Average,2
WA,Bibra Lake,Combined,Average,2
WA,Bibra Lake,Primary,Higher ,2
NSW,Blackheath,Combined,Average,2
NSW,Blackheath,Primary,Higher ,2
NSW,Blayney,Primary,Average,2
NSW,Boggabilla,Combined,Higher ,2
NSW,Boggabri,Primary,Average,2
NSW,Bomaderry,Combined,Average,2
NSW,Bombala,Primary,Average,2
NSW,Boorowa,Primary,Average,2
WA,Boulder,Primary,Average,2
NSW,Bowral,Primary,Average,2
WA,Boyanup,Combined,Average,2
NSW,Brewarrina,Primary,Average,2
NSW,Broken Hill,Secondary,Higher ,2
WA,Broome,Primary,Average,2
WA,Bull Creek,Combined,Average,2
WA,Bull Creek,Primary,Average,2
WA,Burswood,Combined,Higher ,2
WA,Butler,Primary,Higher ,2
NSW,Byron Bay,Primary,Higher ,2
NSW,Calderwood,Combined,Average,2
WA,Camillo,Combined,Average,2
NSW,Canowindra,Primary,Average,2
WA,Capel,Combined,Higher ,2
WA,Carnarvon,Combined,Higher ,2
NSW,Casino,Secondary,Average,2
WA,Churchlands,Combined,Average,2
WA,City Beach,Primary,Average,2
WA,Claremont,Primary,Average,2
NSW,Clarence Town,Primary,Higher ,2
WA,Clarkson,Combined,Higher ,2
WA,Clarkson,Primary,Higher ,2
WA,Cloverdale,Primary,Average,2
NSW,Cobar,Primary,Higher ,2
NSW,Coleambally,Primary,Average,2
WA,Como,Combined,Average,2
WA,Como,Primary,Higher ,2
NSW,Condobolin,Primary,Average,2
WA,Coodanup,Combined,Average,2
NSW,Coolah,Primary,Higher ,2
NSW,Coolamon,Primary,Average,2
WA,Coolgardie,Combined,Lower,2
WA,Cooloongup,Primary,Higher ,2
NSW,Cooma,Primary,Higher ,2
NSW,Coonamble,Primary,Average,2
NSW,Cooranbong,Combined,Average,2
WA,Cottesloe,Combined,Average,2
NSW,Cowra,Combined,Average,2
NSW,Crookwell,Primary,Average,2
NSW,Cundletown,Combined,Average,2
WA,Darch,Combined,Higher ,2
WA,Darlington,Combined,Average,2
NSW,Deniliquin,Combined,Average,2
WA,Denmark,Combined,Average,2
NSW,Dorrigo,Primary,Average,2
WA,Doubleview,Combined,Average,2
WA,Doubleview,Primary,Average,2
NSW,Dunedoo,Primary,Higher ,2
NSW,Dunmore,Combined,Average,2
NSW,East Ballina,Primary,Higher ,2
WA,East Victoria Park,Primary,Average,2
WA,Eaton,Primary,Higher ,2
NSW,Eugowra,Primary,Average,2
WA,Ferndale,Combined,Higher ,2
NSW,Finley,Primary,Higher ,2
WA,Floreat,Primary,Average,2
WA,Forrestdale,Primary,Higher ,2
NSW,Forster,Primary,Average,2
WA,Fremantle,Primary,Average,2
WA,Geraldton,Secondary,Higher ,2
NSW,Gilgandra,Primary,Higher ,2
WA,Girrawheen,Primary,Higher ,2
WA,Glen Forrest,Combined,Average,2
NSW,Glen Innes,Primary,Average,2
NSW,Goulburn,Combined,Average,2
NSW,Goulburn,Secondary,Higher ,2
NSW,Grafton,Combined,Average,2
WA,Greenfields,Combined,Average,2
WA,Greenfields,Primary,Higher ,2
NSW,Grenfell,Primary,Average,2
WA,Guildford,Combined,Higher ,2
NSW,Gulgong,Primary,Average,2
NSW,Gundagai,Primary,Higher ,2
NSW,Gunnedah,Combined,Average,2
NSW,Gunnedah,Secondary,Average,2
WA,Hamersley,Primary,Average,2
NSW,Harrington Park,Combined,Average,2
WA,Harrisdale,Combined,Average,2
NSW,Hay,Primary,Average,2
WA,High Wycombe,Primary,Higher ,2
WA,Hilbert,Combined,Average,2
NSW,Hillston,Primary,Higher ,2
NSW,Holbrook,Primary,Higher ,2
NSW,Jindabyne,Combined,Average,2
WA,Kalgoorlie,Secondary,Higher ,2
WA,Karrinyup,Primary,Average,2
WA,Katanning,Primary,Higher ,2
WA,Kelmscott,Combined,Higher ,2
NSW,Kiama,Primary,Average,2
NSW,Kingscliff,Primary,Average,2
WA,Koondoola,Combined,Average,2
WA,Koondoola,Primary,Higher ,2
NSW,Kurri Kurri,Primary,Higher ,2
NSW,Kyogle,Primary,Average,2
NSW,Lake Cargelligo,Primary,Higher ,2
NSW,Lake Munmorah,Primary,Higher ,2
WA,Lakelands,Combined,Higher ,2
WA,Laverton,Primary,Higher ,2
NSW,Leeton,Secondary,Average,2
WA,Lesmurdie,Primary,Average,2
NSW,Lithgow,Secondary,Average,2
NSW,Lockhart,Primary,Higher ,2
NSW,Macksville,Primary,Higher ,2
WA,Mandurah,Primary,Higher ,2
WA,Manjimup,Combined,Average,2
WA,Manjimup,Primary,Higher ,2
WA,Manning,Combined,Average,2
WA,Marangaroo,Primary,Higher ,2
WA,Marble Bar,Combined,Lower,2
WA,Marble Bar,Primary,Lower,2
WA,Margaret River,Combined,Average,2
WA,Margaret River,Primary,Average,2
WA,Meadow Springs,Primary,Average,2
NSW,Medowie,Primary,Average,2
NSW,Milton,Primary,Average,2
WA,Mirrabooka,Combined,Average,2
WA,Mirrabooka,Primary,Higher ,2
NSW,Moama,Combined,Higher ,2
NSW,Molong,Primary,Average,2
NSW,Moree,Secondary,Higher ,2
NSW,Morisset,Combined,Average,2
NSW,Morisset,Primary,Average,2
WA,Morley,Combined,Average,2
WA,Morley,Secondary,Average,2
NSW,Moruya,Primary,Average,2
NSW,Moss Vale,Primary,Average,2
NSW,Moss Vale,Secondary,Average,2
WA,Mundijong,Primary,Higher ,2
NSW,Murwillumbah,Secondary,Average,2
WA,Narrogin,Primary,Higher ,2
WA,Nedlands,Primary,Average,2
NSW,Nelson Bay,Primary,Average,2
NSW,Newcastle,Combined,Average,2
WA,Newman,Primary,Higher ,2
NSW,Nimbin,Combined,Higher ,2
NSW,Nimbin,Primary,Higher ,2
WA,Nollamara,Combined,Average,2
WA,Nollamara,Primary,Higher ,2
NSW,North Casino,Combined,Higher ,2
NSW,North Nowra,Primary,Average,2
WA,North Perth,Primary,Average,2
WA,Northam,Combined,Average,2
NSW,Nyngan,Primary,Average,2
NSW,Oberon,Combined,Average,2
WA,Osborne Park,Primary,Average,2
NSW,Parkes,Combined,Average,2
NSW,Peak Hill,Primary,Higher ,2
NSW,Penrith,Primary,Average,2
NSW,Penrith,Secondary,Average,2
WA,Piara Waters,Combined,Average,2
WA,Pinjarra,Combined,Higher ,2
WA,Port Hedland,Primary,Higher ,2
NSW,Port Macquarie,Combined,Average,2
NSW,Portland,Primary,Average,2
NSW,Queanbeyan,Secondary,Higher ,2
WA,Queens Park,Combined,Average,2
WA,Quinns Rocks,Primary,Average,2
WA,Rockingham,Primary,Higher ,2
NSW,Salamander Bay,Combined,Average,2
WA,Salter Point,Combined,Average,2
NSW,Sawtell,Primary,Average,2
WA,Secret Harbour,Primary,Average,2
WA,Seville Grove,Primary,Higher ,2
NSW,Shellharbour,Primary,Higher ,2
NSW,Singleton,Combined,Higher ,2
NSW,Singleton,Secondary,Higher ,2
NSW,South Lismore,Primary,Average,2
NSW,South Murwillumbah,Primary,Average,2
WA,South Yunderup,Combined,Average,2
WA,Spencer Park,Combined,Average,2
WA,Success,Primary,Average,2
NSW,Tahmoor,Primary,Average,2
WA,Tapping,Primary,Average,2
NSW,Taree,Combined,Average,2
NSW,Tenterfield,Primary,Higher ,2
NSW,Terrigal,Primary,Average,2
WA,Tom Price,Primary,Higher ,2
NSW,Toormina,Secondary,Average,2
NSW,Trangie,Primary,Higher ,2
NSW,Trundle,Primary,Average,2
WA,Tuart Hill,Combined,Average,2
NSW,Tumbarumba,Primary,Average,2
NSW,Tumut,Primary,Average,2
NSW,Tumut,Secondary,Average,2
WA,Two Rocks,Primary,Higher ,2
NSW,Uralla,Combined,Higher ,2
NSW,Uralla,Primary,Average,2
NSW,Urana,Primary,Average,2
WA,Waikiki,Combined,Higher ,2
WA,Waikiki,Primary,Higher ,2
NSW,Walcha,Primary,Higher ,2
NSW,Walgett,Primary,Higher ,2
WA,Wanneroo,Primary,Higher ,2
NSW,Warilla,Primary,Higher ,2
WA,Warnbro,Combined,Higher ,2
WA,Warnbro,Primary,Higher ,2
NSW,Warren,Primary,Average,2
NSW,Wee Waa,Combined,Average,2
NSW,Wellington,Primary,Higher ,2
NSW,Wellington,Secondary,Higher ,2
WA,Wembley Downs,Combined,Average,2
NSW,West Wyalong,Primary,Average,2
NSW,Wilcannia,Primary,Higher ,2
WA,Willetton,Combined,Higher ,2
WA,Winthrop,Combined,Average,2
NSW,Woongarrah,Primary,Higher ,2
NSW,Woy Woy,Primary,Average,2
NSW,Woy Woy,Secondary,Higher ,2
NSW,Wyong,Primary,Average,2
NSW,Yamba,Primary,Higher ,2
WA,Yanchep,Primary,Higher ,2
NSW,Yeoval,Primary,Average,2
NSW,Young,Combined,Average,2
NSW,Young,Secondary,Average,2
NSW,Aberdeen,Combined,Average,1
NSW,Aberdeen,Secondary,Average,1
NSW,Albion Park,Combined,Average,1
NSW,Albion Park Rail,Combined,Higher ,1
WA,Alexander Heights,Combined,Average,1
WA,Alkimos,Primary,Average,1
NSW,Alstonville,Secondary,Higher ,1
NSW,Appin,Primary,Average,1
NSW,Ardlethan,Combined,Higher ,1
NSW,Ardlethan,Primary,Lower,1
WA,Ardross,Primary,Average,1
WA,Ardross,Secondary,Average,1
WA,Ashfield,Primary,Average,1
NSW,Ashford,Combined,Higher ,1
NSW,Ashford,Primary,Higher ,1
WA,Attadale,Primary,Average,1
NSW,Attunga,Primary,Higher ,1
WA,Atwell,Secondary,Average,1
WA,Aubin Grove,Primary,Higher ,1
WA,Augusta,Combined,Average,1
WA,Australind,Secondary,Higher ,1
WA,Badgingarra,Primary,Higher ,1
WA,Bakers Hill,Primary,Average,1
WA,Balcatta,Combined,Average,1
WA,Balcatta,Secondary,Higher ,1
WA,Baldivis,Secondary,Higher ,1
WA,Balga,Combined,Higher ,1
WA,Balga,Secondary,Higher ,1
WA,Ballajura,Combined,Average,1
WA,Ballajura,Secondary,Higher ,1
NSW,Ballina,Secondary,Higher ,1
NSW,Balranald,Combined,Higher ,1
WA,Banksia Grove,Combined,Average,1
WA,Banksia Grove,Secondary,Higher ,1
NSW,Baradine,Combined,Lower,1
NSW,Bargo,Primary,Higher ,1
NSW,Barham,Primary,Higher ,1
NSW,Barham,Secondary,Higher ,1
NSW,Barmedman,Primary,Average,1
NSW,Barraba,Combined,Higher ,1
NSW,Barrack Heights,Primary,Higher ,1
NSW,Barrack Heights,Secondary,Higher ,1
WA,Bassendean,Combined,Average,1
WA,Bassendean,Secondary,Higher ,1
NSW,Bateau Bay,Combined,Higher ,1
NSW,Bateau Bay,Secondary,Higher ,1
WA,Bateman,Primary,Higher ,1
NSW,Batemans Bay,Secondary,Higher ,1
NSW,Batlow,Combined,Higher ,1
WA,Baynton,Primary,Average,1
WA,Bayonet Head,Primary,Higher ,1
WA,Bayswater,Combined,Average,1
WA,Beaconsfield,Combined,Lower,1
WA,Beaconsfield,Secondary,Higher ,1
WA,Beckenham,Combined,Average,1
WA,Bedford,Combined,Average,1
WA,Beechboro,Secondary,Higher ,1
NSW,Bega,Secondary,Average,1
NSW,Bellingen,Secondary,Higher ,1
WA,Belmont,Primary,Higher ,1
WA,Belmont,Secondary,Higher ,1
WA,Bencubbin,Primary,Higher ,1
WA,Bennett Springs,Primary,Higher ,1
WA,Bentley,Secondary,Higher ,1
NSW,Bermagui,Primary,Average,1
NSW,Berrima,Primary,Average,1
NSW,Berry,Primary,Average,1
WA,Bertram,Combined,Average,1
WA,Beverley,DISTRICT HIGH SCHOOLS,Higher ,1
WA,Bickley,Combined,Average,1
WA,Bicton,Primary,Higher ,1
NSW,Bilambil Heights,Primary,Average,1
WA,Billiluna,Combined,Higher ,1
NSW,Binalong,Primary,Higher ,1
WA,Bindoon,Combined,Higher ,1
WA,Bindoon,Primary,Higher ,1
NSW,Bingara,Combined,Lower,1
NSW,Bingara,Primary,Higher ,1
WA,Binnu,Combined,Lower,1
NSW,Blayney,Secondary,Higher ,1
NSW,Blue Haven,Primary,Average,1
NSW,Bobin,Primary,Average,1
NSW,Bobs Farm,Primary,Average,1
WA,Boddington,DISTRICT HIGH SCHOOLS,Higher ,1
NSW,Boggabilla,Primary,Higher ,1
WA,Bolgart,Primary,Average,1
NSW,Bomaderry,Primary,Average,1
NSW,Bomaderry,Secondary,Average,1
NSW,Bonalbo,Combined,Average,1
NSW,Bonalbo,Primary,Average,1
WA,Booragoon,Primary,Average,1
WA,Boulder,Combined,Higher ,1
NSW,Bourke,Secondary,Higher ,1
NSW,Bowral,Secondary,Higher ,1
NSW,Bowraville,Combined,Higher ,1
WA,Boyanup,Primary,Higher ,1
WA,Boyup Brook,Combined,Higher ,1
WA,Boyup Brook,DISTRICT HIGH SCHOOLS,Average,1
NSW,Branxton,Combined,Average,1
NSW,Branxton,Primary,Average,1
NSW,Bredbo,Primary,Average,1
WA,Bremer Bay,Primary,Average,1
WA,Brentwood,Primary,Average,1
NSW,Brewarrina,Combined,Higher ,1
NSW,Bribbaree,Primary,Average,1
WA,Bridgetown,Combined,Average,1
WA,Bridgetown,Primary,Higher ,1
WA,Bridgetown,Secondary,Higher ,1
NSW,Broke,Primary,Higher ,1
WA,Brookton,DISTRICT HIGH SCHOOLS,Higher ,1
WA,Broome,Secondary,Higher ,1
WA,Broomehill Village,Primary,Higher ,1
WA,Bruce Rock,DISTRICT HIGH SCHOOLS,Higher ,1
WA,Brunswick,Combined,Average,1
WA,Brunswick,Primary,Average,1
NSW,Brunswick Heads,Primary,Higher ,1
NSW,Budgewoi,Combined,Higher ,1
NSW,Bulahdelah,Combined,Average,1
WA,Bulgarra,Combined,Average,1
WA,Bulgarra,Primary,Higher ,1
WA,Bull Creek,Secondary,Average,1
WA,Bullsbrook,K-12 SCHOOLS,Higher ,1
NSW,Bundanoon,Primary,Average,1
NSW,Bundarra,Combined,Lower,1
NSW,Bundarra,Primary,Higher ,1
NSW,Bungendore,Primary,Average,1
WA,Burekup,Primary,Higher ,1
NSW,Burnt Pine,Combined,Higher ,1
NSW,Buronga,Primary,Average,1
WA,Busselton,Secondary,Higher ,1
WA,Butler,Secondary,Higher ,1
WA,Byford,Combined,Average,1
WA,Byford,Secondary,Higher ,1
NSW,Byron Bay,Combined,Average,1
NSW,Byron Bay,Secondary,Average,1
WA,Calingiri,Primary,Higher ,1
WA,Calista,Primary,Average,1
NSW,Callala Bay,Primary,Average,1
NSW,Cambewarra Village,Primary,Higher ,1
WA,Camillo,Primary,Higher ,1
WA,Canning Vale,Combined,Average,1
WA,Canning Vale,Secondary,Average,1
WA,Cannington,DISTRICT HIGH SCHOOLS,Higher ,1
WA,Cannington,Secondary,Higher ,1
NSW,Canobolas,Primary,Higher ,1
NSW,Canowindra,Secondary,Higher ,1
WA,Capel,Primary,Higher ,1
NSW,Capertee,Primary,Higher ,1
WA,Carine,Primary,Average,1
WA,Carine,Secondary,Average,1
WA,Carmel,Combined,Higher ,1
WA,Carnamah,DISTRICT HIGH SCHOOLS,Higher ,1
WA,Carnarvon,Primary,Average,1
WA,Carramar,Combined,Average,1
NSW,Carroll,Primary,Average,1
WA,Caversham,Primary,Higher ,1
NSW,Caves Beach,Primary,Average,1
NSW,Caves Beach,Secondary,Average,1
NSW,Cawdor,Primary,Average,1
NSW,Central Mangrove,Primary,Average,1
WA,Cervantes,Primary,Higher ,1
NSW,Cessnock,Combined,Higher ,1
NSW,Cessnock,Secondary,Average,1
WA,Champion Lakes,Combined,Average,1
NSW,Chittaway Bay,Primary,Average,1
WA,Churchlands,Secondary,Average,1
WA,City Beach,Combined,Average,1
WA,Clarkson,Secondary,Higher ,1
WA,Cloverdale,Combined,Average,1
NSW,Cobar,Secondary,Higher ,1
WA,Cockburn Central,Combined,Higher ,1
NSW,Coleambally,Secondary,Average,1
WA,Collie,Combined,Average,1
WA,Collie,Secondary,Higher ,1
WA,Como,Secondary,Average,1
WA,Condingup,Primary,Average,1
NSW,Condobolin,Secondary,Higher ,1
WA,Coodanup,Secondary,Higher ,1
WA,Coogee,Primary,Higher ,1
NSW,Coolah,Combined,Higher ,1
NSW,Coolamon,Combined,Higher ,1
WA,Coolbellup,Primary,Average,1
WA,Coolbinia,Primary,Higher ,1
WA,Coolgardie,Primary,Higher ,1
NSW,Cooma,Secondary,Higher ,1
NSW,Coonabarabran,Combined,Average,1
NSW,Coonabarabran,Primary,Average,1
NSW,Coonabarabran,Secondary,Higher ,1
NSW,Coonamble,Secondary,Lower,1
NSW,Coopernook,Primary,Average,1
NSW,Cooranbong,Primary,Average,1
WA,Coorow,Combined,Average,1
NSW,Cootamundra,Combined,Average,1
NSW,Cootamundra,Secondary,Higher ,1
NSW,Corowa,Secondary,Higher ,1
WA,Corrigin,DISTRICT HIGH SCHOOLS,Higher ,1
WA,Cottesloe,Primary,Average,1
WA,Cowaramup,Primary,Average,1
NSW,Cowra,Secondary,Higher ,1
NSW,Crabbes Creek,Primary,Higher ,1
NSW,Crescent Head,Primary,Average,1
NSW,Crookwell,Secondary,Higher ,1
NSW,Cudal,Primary,Higher ,1
NSW,Culburra Beach,Primary,Higher ,1
NSW,Culcairn,Secondary,Higher ,1
NSW,Cullen Bullen,Primary,Higher ,1
NSW,Cumnock,Primary,Higher ,1
WA,Cunderdin,DISTRICT HIGH SCHOOLS,Higher ,1
WA,Cunderdin,Secondary,Higher ,1
NSW,Cundletown,Primary,Higher ,1
WA,Daliak,DISTRICT HIGH SCHOOLS,Higher ,1
WA,Dalkeith,Primary,Average,1
WA,Dalwallinu,DISTRICT HIGH SCHOOLS,Higher ,1
WA,Dalyellup,Combined,Average,1
WA,Dalyellup,Primary,Average,1
WA,Dalyellup,Secondary,Higher ,1
WA,Dampier,Primary,Higher ,1
WA,Dandaragan,Primary,Average,1
WA,Darch,Primary,Higher ,1
WA,Darch,Secondary,Higher ,1
WA,Dardanup,Combined,Average,1
WA,Dardanup,Primary,Higher ,1
NSW,Dareton,Primary,Higher ,1
NSW,Dareton,Secondary,Higher ,1
WA,Darkan,Primary,Average,1
WA,Darlington,Primary,Average,1
NSW,Darlington Point,Primary,Higher ,1
WA,Dayton,Combined,Average,1
NSW,Delungra,Primary,Higher ,1
WA,Denham,Primary,Higher ,1
NSW,Deniliquin,Secondary,Higher ,1
WA,Denmark,Primary,Average,1
WA,Denmark,Secondary,Average,1
WA,Derby,Combined,Higher ,1
WA,Derby,DISTRICT HIGH SCHOOLS,Lower,1
WA,Derby,Primary,Higher ,1
NSW,Diamond Beach,Primary,Average,1
WA,Djugun,Primary,Average,1
WA,Dongara,DISTRICT HIGH SCHOOLS,Higher ,1
WA,Donnybrook,Combined,Average,1
WA,Donnybrook,DISTRICT HIGH SCHOOLS,Higher ,1
NSW,Dorrigo,Secondary,Higher ,1
WA,Dowerin,DISTRICT HIGH SCHOOLS,Higher ,1
WA,Dudley Park,Primary,Higher ,1
WA,Dumbleyung,Primary,Higher ,1
NSW,Dunedoo,Combined,Lower,1
NSW,Dungog,Secondary,Average,1
WA,Dunsborough,Combined,Average,1
WA,Dunsborough,Primary,Average,1
WA,Dwellingup,Primary,Higher ,1
NSW,East Ballina,Combined,Average,1
WA,East Cannington,Primary,Average,1
WA,East Carnarvon,K-12 SCHOOLS,Lower,1
WA,East Fremantle,Primary,Average,1
NSW,East Lismore,Combined,Average,1
NSW,East Lismore,Primary,Higher ,1
NSW,East Lismore,Secondary,Higher ,1
WA,East Victoria Park,Secondary,Average,1
WA,Eaton,Secondary,Higher ,1
NSW,Eden,Primary,Average,1
NSW,Eden,Secondary,Higher ,1
WA,Eden Hill,Primary,Average,1
NSW,Elands,Primary,Higher ,1
WA,Ellenbrook,Secondary,Higher ,1
WA,Embleton,Primary,Higher ,1
NSW,Emmaville,Combined,Higher ,1
NSW,Emmaville,Primary,Higher ,1
WA,Eneabba,Primary,Average,1
WA,Esperance,Secondary,Higher ,1
NSW,Exeter,Primary,Average,1
WA,Exmouth,DISTRICT HIGH SCHOOLS,Average,1
WA,Fairbridge,Combined,Higher ,1
NSW,Finley,Secondary,Higher ,1
WA,Fitzroy Crossing,Combined,Higher ,1
WA,Fitzroy Crossing,DISTRICT HIGH SCHOOLS,Lower,1
NSW,Flinders,Primary,Higher ,1
NSW,Forbes,Combined,Higher ,1
NSW,Forbes,Secondary,Higher ,1
WA,Forrestfield,Secondary,Higher ,1
NSW,Forster,Secondary,Higher ,1
WA,Frankland River,Primary,Average,1
NSW,Frederickton,Primary,Higher ,1
WA,Fremantle,Secondary,Average,1
WA,Gascoyne Junction,Primary,Higher ,1
NSW,Gerringong,Primary,Higher ,1
WA,Gidgegannup,Primary,Average,1
NSW,Gilgandra,Secondary,Higher ,1
WA,Gingin,DISTRICT HIGH SCHOOLS,Higher ,1
WA,Girrawheen,Secondary,Higher ,1
NSW,Gladstone,Primary,Higher ,1
WA,Glen Forrest,Primary,Average,1
NSW,Glen Innes,Combined,Average,1
NSW,Glen Innes,Secondary,Higher ,1
NSW,Gloucester,Secondary,Higher ,1
WA,Gnowangerup,DISTRICT HIGH SCHOOLS,Higher ,1
WA,Golden Bay,Primary,Higher ,1
NSW,Googong,Primary,Average,1
NSW,Googong,Secondary,Average,1
WA,Goomalling,Combined,Higher ,1
WA,Goomalling,Primary,Higher ,1
NSW,Goonellabah,Primary,Higher ,1
NSW,Goonellabah,Secondary,Higher ,1
WA,Gooseberry Hill,Combined,Average,1
WA,Gooseberry Hill,Primary,Average,1
NSW,Gorokan,Primary,Average,1
WA,Gosnells,Combined,Higher ,1
WA,Gosnells,Secondary,Higher ,1
WA,Greenfields,Secondary,Higher ,1
WA,Greenmount,Combined,Average,1
WA,Greenmount,Primary,Higher ,1
NSW,Grenfell,Secondary,Higher ,1
NSW,Griffith,Combined,Average,1
NSW,Griffith City Council,Combined,Higher ,1
WA,Guildford,Primary,Average,1
NSW,Gulgong,Secondary,Higher ,1
NSW,Guyra,Combined,Lower,1
NSW,Gwandalan,Primary,Average,1
WA,Gwelup,Primary,Average,1
WA,Halls Head,Secondary,Higher ,1
NSW,Hamlyn Terrace,Primary,Higher ,1
WA,Hammond Park,Combined,Average,1
WA,Hammond Park,Primary,Average,1
NSW,Hampton,Primary,Average,1
NSW,Harden,Combined,Higher ,1
NSW,Harden,Primary,Higher ,1
NSW,Harden,Secondary,Higher ,1
NSW,Harrington,Primary,Higher ,1
WA,Harrisdale,Primary,Average,1
WA,Harrisdale,Secondary,Average,1
WA,Harvey,Combined,Average,1
WA,Harvey,Primary,Higher ,1
WA,Harvey,Secondary,Higher ,1
NSW,Hay,Secondary,Higher ,1
WA,Helena Valley,Primary,Average,1
NSW,Henty,Combined,Average,1
NSW,Henty,Primary,Average,1
WA,Herne Hill,Primary,Higher ,1
WA,High Wycombe,Combined,Average,1
WA,Highgate,Primary,Average,1
NSW,Hill Top,Primary,Average,1
WA,Hillman,Primary,Higher ,1
NSW,Hillston,Combined,Higher ,1
WA,Hilton,Combined,Average,1
WA,Hilton,Primary,Average,1
NSW,Hinton,Primary,Higher ,1
WA,Hocking,Primary,Average,1
WA,Hopetoun,Primary,Higher ,1
WA,Huntingdale,Primary,Higher ,1
NSW,Huskisson,Primary,Higher ,1
WA,Hyden,Primary,Average,1
WA,Inglewood,Combined,Average,1
WA,Inglewood,Primary,Average,1
WA,Innaloo,Combined,Average,1
WA,Innaloo,Primary,Average,1
NSW,Ivanhoe,Combined,Higher ,1
NSW,Ivanhoe,Primary,Average,1
NSW,Jennings,Primary,Higher ,1
WA,Jerramungup,DISTRICT HIGH SCHOOLS,Higher ,1
WA,Jigalong,Primary,Higher ,1
NSW,Jindabyne,Primary,Higher ,1
NSW,Jindabyne,Secondary,Higher ,1
NSW,Johns River,Primary,Higher ,1
WA,Jolimont,Primary,Average,1
WA,Joondanna,Combined,Average,1
NSW,Jugiong,Primary,Lower,1
NSW,Junee,Secondary,Higher ,1
WA,Jurien Bay,DISTRICT HIGH SCHOOLS,Higher ,1
WA,Kalamunda,Primary,Average,1
WA,Kalamunda,Secondary,Average,1
WA,Kalannie,Primary,Average,1
WA,Kalbarri,DISTRICT HIGH SCHOOLS,Higher ,1
WA,Kambalda East,Primary,Higher ,1
WA,Kambalda West,DISTRICT HIGH SCHOOLS,Higher ,1
NSW,Kandos,Primary,Average,1
NSW,Kandos,Secondary,Higher ,1
NSW,Kangaroo Valley,Primary,Higher ,1
NSW,Kanwal,Primary,Higher ,1
WA,Kardinya,Primary,Average,1
WA,Kardinya,Secondary,Average,1
WA,Katanning,Combined,Average,1
WA,Katanning,Secondary,Higher ,1
WA,Kellerberrin,DISTRICT HIGH SCHOOLS,Higher ,1
WA,Kelmscott,Secondary,Higher ,1
WA,Kendenup,Primary,Higher ,1
WA,Kensington,Primary,Average,1
WA,Kenwick,Primary,Higher ,1
WA,Kewdale,Combined,Average,1
WA,Kewdale,Primary,Higher ,1
NSW,Khancoban,Primary,Average,1
NSW,Kiama,Secondary,Higher ,1
NSW,Killarney Vale,Primary,Higher ,1
NSW,Kinchela,Primary,Average,1
NSW,Kingscliff,Secondary,Higher ,1
WA,Kirup,Primary,Higher ,1
WA,Kojonup,Combined,Average,1
WA,Kojonup,DISTRICT HIGH SCHOOLS,Higher ,1
WA,Kondinin,Primary,Higher ,1
WA,Koongamia,Primary,Average,1
WA,Koorda,Primary,Higher ,1
NSW,Korora,Primary,Average,1
WA,Kulin,DISTRICT HIGH SCHOOLS,Average,1
NSW,Kulnura,Primary,Higher ,1
WA,Kununurra,Combined,Higher ,1
WA,Kununurra,K-12 SCHOOLS,Higher ,1
WA,Kurrawang,Combined,Average,1
NSW,Kurri Kurri,Secondary,Higher ,1
NSW,Kyogle,Secondary,Average,1
NSW,Lake Cargelligo,Combined,Higher ,1
WA,Lake Coogee,Combined,Average,1
WA,Lake Grace,DISTRICT HIGH SCHOOLS,Higher ,1
NSW,Lake Haven,Secondary,Average,1
NSW,Lake Illawarra,Primary,Higher ,1
NSW,Lake Illawarra,Secondary,Higher ,1
WA,Lake King,Primary,Average,1
NSW,Lake Munmorah,Combined,Average,1
NSW,Lake Munmorah,Secondary,Higher ,1
WA,Lakelands,Primary,Higher ,1
WA,Lancelin,Primary,Higher ,1
WA,Landsdale,Primary,Average,1
WA,Langford,Primary,Higher ,1
NSW,Lansdowne,Primary,Higher ,1
WA,Lathlain,Combined,Higher ,1
WA,Lathlain,Primary,Average,1
NSW,Laurieton,Secondary,Higher ,1
WA,Leda,Primary,Higher ,1
WA,Leederville,Combined,Higher ,1
WA,Leederville,K-12 SCHOOLS,Higher ,1
WA,Leederville,Primary,Higher ,1
WA,Leeming,Secondary,Average,1
NSW,Leeton,Combined,Higher ,1
WA,Leinster,Primary,Higher ,1
WA,Leonora,DISTRICT HIGH SCHOOLS,Lower,1
WA,Lesmurdie,Secondary,Average,1
NSW,Lightning Ridge,Combined,Higher ,1
NSW,Lightning Ridge,Primary,Higher ,1
NSW,Lismore,Combined,Average,1
NSW,Lismore,Secondary,Average,1
WA,Little Grove,Primary,Average,1
NSW,Lockhart,Combined,Higher ,1
WA,Lockridge,Primary,Higher ,1
WA,Lockyer,Combined,Average,1
WA,Lockyer,Primary,Higher ,1
NSW,Lord Howe Island,Combined,Higher ,1
NSW,Lowanna,Primary,Average,1
WA,Lynwood,Primary,Average,1
NSW,Macksville,Combined,Average,1
NSW,Macksville,Secondary,Higher ,1
NSW,Maclean,Secondary,Higher ,1
WA,Maddington,Combined,Higher ,1
WA,Maddington,Secondary,Higher ,1
WA,Madeley,Primary,Average,1
WA,Maida Vale,Primary,Average,1
NSW,Manildra,Combined,Higher ,1
NSW,Manildra,Primary,Average,1
NSW,Manilla,Combined,Average,1
NSW,Manilla,Primary,Higher ,1
NSW,Manilla,Secondary,Average,1
WA,Manjimup,Secondary,Higher ,1
NSW,Mannering Park,Primary,Higher ,1
WA,Manning,Primary,Average,1
NSW,Mardi,Secondary,Average,1
WA,Margaret River,Secondary,Average,1
WA,Marmion,Primary,Average,1
WA,Martin,Combined,Average,1
NSW,Marulan,Primary,Higher ,1
NSW,Mathoura,Primary,Higher ,1
WA,Maylands,Primary,Average,1
NSW,Meadow Flat,Primary,Higher ,1
WA,Meckering,Primary,Average,1
WA,Medina,Primary,Higher ,1
NSW,Medowie,Combined,Average,1
WA,Meekatharra,Combined,Higher ,1
WA,Meekatharra,DISTRICT HIGH SCHOOLS,Lower,1
WA,Melville,Primary,Average,1
WA,Melville,Secondary,Average,1
NSW,Menindee,Combined,Higher ,1
NSW,Menindee,Primary,Higher ,1
NSW,Merimbula,Primary,Higher ,1
WA,Merredin,Combined,Average,1
WA,Merredin,K-12 SCHOOLS,Higher ,1
WA,Merriwa,Combined,Average,1
NSW,Merriwa,Secondary,Higher ,1
WA,Midland,Primary,Lower,1
WA,Midvale,Primary,Higher ,1
WA,Miling,Primary,Average,1
WA,Millars Well,Primary,Higher ,1
WA,Mindarie,Primary,Average,1
WA,Mindarie,Secondary,Average,1
WA,Mingenew,Primary,Average,1
NSW,Mitchells Island,Primary,Higher ,1
NSW,Mittagong,Combined,Average,1
NSW,Moama,Primary,Average,1
NSW,Molong,Combined,Lower,1
WA,Moora,Combined,Higher ,1
WA,Moora,Primary,Higher ,1
WA,Moora,Secondary,Higher ,1
WA,Moorine Rock,Primary,Higher ,1
WA,Morawa,DISTRICT HIGH SCHOOLS,Higher ,1
WA,Morawa,Secondary,Higher ,1
WA,Morgantown,Primary,Average,1
NSW,Morisset,Secondary,Average,1
NSW,Moruya,Secondary,Higher ,1
WA,Mosman Park,Primary,Average,1
NSW,Moss Vale,Combined,Average,1
NSW,Moulamein,Primary,Average,1
WA,Mount Barker,K-12 SCHOOLS,Higher ,1
WA,Mount Clarence,Primary,Higher ,1
WA,Mount Clarence,Secondary,Average,1
NSW,Mount George,Primary,Average,1
WA,Mount Hawthorn,Primary,Average,1
WA,Mount Lawley,Primary,Average,1
WA,Mount Lawley,Secondary,Average,1
WA,Mount Magnet,DISTRICT HIGH SCHOOLS,Higher ,1
WA,Mount Pleasant,Primary,Average,1
WA,Mount Richon,Secondary,Higher ,1
NSW,Mount Victoria,Primary,Higher ,1
NSW,Mount Warrigal,Primary,Higher ,1
NSW,Mudgee,Combined,Higher ,1
NSW,Mudgee,Secondary,Higher ,1
WA,Mukinbudin,DISTRICT HIGH SCHOOLS,Higher ,1
WA,Mullewa,Combined,Higher ,1
WA,Mullewa,DISTRICT HIGH SCHOOLS,Lower,1
NSW,Mullumbimby,Secondary,Higher ,1
NSW,Mulwala,Primary,Higher ,1
WA,Mundaring,Primary,Average,1
WA,Mundijong,Combined,Higher ,1
NSW,Mungindi,Combined,Higher ,1
NSW,Murrurundi,Primary,Average,1
NSW,Muswellbrook,Combined,Average,1
NSW,Muswellbrook,Secondary,Higher ,1
NSW,Nabiac,Primary,Higher ,1
NSW,Nambucca Heads,Combined,Average,1
NSW,Nambucca Heads,Secondary,Higher ,1
NSW,Nana Glen,Primary,Higher ,1
WA,Nannup,DISTRICT HIGH SCHOOLS,Average,1
WA,Narembeen,DISTRICT HIGH SCHOOLS,Average,1
NSW,Narooma,Primary,Higher ,1
NSW,Narooma,Secondary,Higher ,1
NSW,Narrabri,Secondary,Higher ,1
NSW,Narrandera,Secondary,Higher ,1
WA,Narrogin,Combined,Average,1
WA,Narrogin,Secondary,Higher ,1
NSW,Narromine,Secondary,Lower,1
WA,Nedlands,Combined,Average,1
NSW,Nelson Bay,Secondary,Higher ,1
NSW,Newcastle,Secondary,Higher ,1
WA,Newdegate,Primary,Average,1
WA,Newman,Secondary,Higher ,1
WA,Nollamara,Secondary,Higher ,1
WA,Noranda,Secondary,Average,1
NSW,Nords Wharf,Primary,Higher ,1
WA,Norseman,DISTRICT HIGH SCHOOLS,Higher ,1
WA,North Beach,Combined,Average,1
WA,North Beach,Primary,Average,1
WA,North Fremantle,Primary,Average,1
WA,North Lake,Combined,Average,1
WA,Northam,Secondary,Higher ,1
WA,Northampton,Combined,Higher ,1
WA,Northampton,DISTRICT HIGH SCHOOLS,Higher ,1
WA,Northcliffe,DISTRICT HIGH SCHOOLS,Higher ,1
NSW,Nowra Hill,Primary,Higher ,1
WA,Nullagine,Primary,Lower,1
NSW,Nundle,Primary,Higher ,1
WA,Nungarin,Primary,Higher ,1
NSW,Nyngan,Secondary,Lower,1
NSW,Oak Flats,Primary,Higher ,1
NSW,Oaklands,Combined,Higher ,1
NSW,Oaklands,Primary,Average,1
NSW,Oberon,Primary,Average,1
NSW,Old Bar,Primary,Lower,1
NSW,Old Bonalbo,Primary,Higher ,1
WA,Ongerup,Primary,Average,1
WA,Onslow,Primary,Higher ,1
WA,Orana,Secondary,Higher ,1
WA,Orange Grove,Primary,Higher ,1
WA,Orelia,Primary,Higher ,1
WA,Orelia,Secondary,Higher ,1
NSW,Osterley,Primary,Higher ,1
WA,Palmyra,Combined,Average,1
WA,Palmyra,Primary,Average,1
NSW,Pambula,Primary,Higher ,1
WA,Paraburdoo,Primary,Higher ,1
WA,Parkerville,Combined,Average,1
WA,Parkerville,Primary,Average,1
NSW,Parkes,Secondary,Higher ,1
WA,Parmelia,Combined,Average,1
WA,Parmelia,Primary,Higher ,1
NSW,Paterson,Primary,Higher ,1
NSW,Peak Hill,Combined,Higher ,1
WA,Pearsall,Primary,Average,1
NSW,Peats Ridge,Primary,Average,1
WA,Pegs Creek,Primary,Higher ,1
WA,Pemberton,Combined,Average,1
WA,Pemberton,DISTRICT HIGH SCHOOLS,Higher ,1
WA,Peppermint Grove,Combined,Higher ,1
WA,Perenjori,Primary,Average,1
WA,Perth,Primary,Average,1
WA,Perth,Secondary,Higher ,1
WA,Piara Waters,Primary,Average,1
WA,Pickering Brook,Primary,Average,1
NSW,Picton,Secondary,Higher ,1
WA,Pingelly,Primary,Higher ,1
WA,Pinjarra,Primary,Higher ,1
WA,Pinjarra,Secondary,Higher ,1
WA,Port Hedland,Combined,Average,1
WA,Port Kennedy,Combined,Average,1
NSW,Portland,Combined,Higher ,1
NSW,Pretty Beach,Primary,Average,1
WA,Quairading,DISTRICT HIGH SCHOOLS,Higher ,1
NSW,Queanbeyan,Combined,Higher ,1
WA,Queens Park,Primary,Higher ,1
NSW,Quirindi,Secondary,Higher ,1
WA,Ravensthorpe,DISTRICT HIGH SCHOOLS,Higher ,1
WA,Redcliffe,Combined,Average,1
WA,Redcliffe,Primary,Higher ,1
WA,Riverton,Combined,Average,1
WA,Riverton,Primary,Average,1
WA,Rivervale,Primary,Higher ,1
NSW,Robertson,Primary,Higher ,1
WA,Rockingham,Secondary,Higher ,1
WA,Roebourne,DISTRICT HIGH SCHOOLS,Lower,1
WA,Roleystone,DISTRICT HIGH SCHOOLS,Average,1
WA,Rossmoyne,Primary,Average,1
WA,Safety Bay,Primary,Average,1
WA,Safety Bay,Secondary,Higher ,1
WA,Saint James,Combined,Average,1
WA,Salmon Gums,Primary,Average,1
NSW,Salt Ash,Primary,Higher ,1
WA,Samson,Combined,Average,1
WA,Samson,Primary,Average,1
NSW,San Remo,Primary,Higher ,1
NSW,San Remo,Secondary,Higher ,1
WA,Sawyers Valley,Primary,Average,1
WA,Scarborough,Combined,Average,1
WA,Scarborough,Primary,Average,1
NSW,Scone,Combined,Higher ,1
NSW,Scone,Secondary,Higher ,1
NSW,Seaham,Primary,Average,1
WA,Secret Harbour,Secondary,Average,1
WA,Serpentine,Primary,Higher ,1
WA,Seville Grove,Secondary,Higher ,1
NSW,Shell Cove,Primary,Average,1
WA,Shelley,Primary,Average,1
NSW,Shellharbour City Centre,Primary,Average,1
NSW,Shelly Beach,Primary,Average,1
WA,Shenton Park,Primary,Average,1
WA,Shenton Park,Secondary,Average,1
NSW,Shoalhaven Heads,Primary,Higher ,1
NSW,Singleton Heights,Primary,Average,1
NSW,Skennars Head,Primary,Average,1
NSW,Skennars Head,Secondary,Average,1
NSW,Smithtown,Primary,Higher ,1
NSW,Soldiers Point,Primary,Higher ,1
NSW,South Gundagai,Primary,Average,1
WA,South Hedland,Secondary,Higher ,1
WA,South Lake,Primary,Higher ,1
WA,South Lake,Secondary,Higher ,1
NSW,South Nowra,Combined,Average,1
NSW,South Nowra,Primary,Average,1
WA,South Perth,Primary,Average,1
NSW,South West Rocks,Primary,Higher ,1
WA,Southern Cross,Combined,Higher ,1
WA,Southern Cross,DISTRICT HIGH SCHOOLS,Higher ,1
WA,Southern River,Primary,Average,1
WA,Spencer Park,Primary,Higher ,1
NSW,Stewarts River,Primary,Higher ,1
NSW,Stockinbingal,Primary,Higher ,1
WA,Stratton,Primary,Higher ,1
WA,Subiaco,Primary,Average,1
WA,Subiaco,Secondary,Higher ,1
WA,Success,Combined,Average,1
NSW,Sussex Inlet,Primary,Average,1
WA,Swan View,Primary,Higher ,1
WA,Swan View,Secondary,Higher ,1
WA,Swanbourne,Primary,Average,1
NSW,Tabulam,Primary,Lower,1
NSW,Tacoma,Primary,Higher ,1
NSW,Tahmoor,Combined,Higher ,1
NSW,Tallong,Primary,Average,1
WA,Tambellup,Primary,Higher ,1
WA,Tammin,Primary,Higher ,1
NSW,Tanilba Bay,Primary,Higher ,1
NSW,Tarago,Primary,Higher ,1
NSW,Taralga,Primary,Average,1
NSW,Tathra,Primary,Average,1
NSW,Temora,Combined,Average,1
NSW,Temora,Secondary,Higher ,1
NSW,Tenterfield,Secondary,Higher ,1
NSW,Terrigal,Secondary,Average,1
NSW,The Entrance,Primary,Higher ,1
WA,Thornlie,Combined,Average,1
WA,Thornlie,Secondary,Higher ,1
WA,Three Springs,Primary,Higher ,1
NSW,Thrumster,Secondary,Average,1
NSW,Tingha,Primary,Average,1
NSW,Tinonee,Combined,Average,1
NSW,Tinonee,Primary,Higher ,1
NSW,Tocumwal,Combined,Higher ,1
NSW,Tocumwal,Primary,Average,1
WA,Tom Price,Secondary,Higher ,1
NSW,Tomerong,Primary,Higher ,1
NSW,Tottenham,Combined,Higher ,1
NSW,Tottenham,Primary,Average,1
NSW,Toukley,Primary,Average,1
NSW,Trangie,Combined,Higher ,1
WA,Trayning,Primary,Higher ,1
NSW,Trundle,Combined,Higher ,1
WA,Tuart Hill,Primary,Average,1
NSW,Tuggerawong,Primary,Average,1
NSW,Tullamore,Combined,Higher ,1
NSW,Tullamore,Primary,Average,1
NSW,Tullimbar,Combined,Higher ,1
NSW,Tumbarumba,Secondary,Higher ,1
NSW,Tumut,Combined,Higher ,1
NSW,Tuncurry,Primary,Average,1
NSW,Tuncurry,Secondary,Average,1
NSW,Tweed Heads,Combined,Higher ,1
NSW,Tweed Heads,Secondary,Higher ,1
WA,Two Rocks,Combined,Higher ,1
NSW,Ulladulla,Primary,Higher ,1
NSW,Ulladulla,Secondary,Average,1
NSW,Ulong,Primary,Higher ,1
NSW,Umina Beach,Primary,Average,1
NSW,Upper Lansdowne,Primary,Average,1
WA,Upper Swan,Primary,Average,1
NSW,Urbenville,Primary,Higher ,1
NSW,Urunga,Primary,Higher ,1
WA,Victoria Park,Primary,Average,1
NSW,Vincentia,Primary,Higher ,1
NSW,Vincentia,Secondary,Average,1
NSW,Wadalba,Primary,Average,1
NSW,Wadalba,Secondary,Higher ,1
WA,Wagin,DISTRICT HIGH SCHOOLS,Higher ,1
NSW,Walcha,Combined,Higher ,1
NSW,Walgett,Secondary,Higher ,1
NSW,Wallabadah,Primary,Higher ,1
NSW,Wallerawang,Primary,Lower,1
WA,Walliston,Combined,Average,1
WA,Walliston,Primary,Average,1
WA,Walpole,Primary,Average,1
WA,Wandering,Primary,Higher ,1
WA,Wandi,Primary,Average,1
WA,Wangara,Combined,Higher ,1
WA,Wannanup,Primary,Average,1
WA,Wanneroo,Combined,Average,1
WA,Wanneroo,Secondary,Higher ,1
NSW,Warialda,Secondary,Higher ,1
WA,Warnbro,Secondary,Higher ,1
NSW,Warnervale,Primary,Average,1
NSW,Warnervale,Secondary,Higher ,1
WA,Waroona,Combined,Average,1
WA,Waroona,DISTRICT HIGH SCHOOLS,Higher ,1
NSW,Warren,Combined,Lower,1
WA,Waterford,Combined,Lower,1
WA,Watheroo,Primary,Higher ,1
WA,Wattle Grove,Primary,Average,1
NSW,Wauchope,Combined,Higher ,1
NSW,Wauchope,Secondary,Higher ,1
NSW,Wee Waa,Primary,Average,1
NSW,Wee Waa,Secondary,Higher ,1
WA,Wellard,Primary,Average,1
WA,Wembley Downs,Primary,Average,1
NSW,Werris Creek,Combined,Average,1
NSW,West Ballina,Combined,Average,1
NSW,West Ballina,Secondary,Higher ,1
WA,West Busselton,Primary,Higher ,1
WA,West Leederville,Primary,Average,1
WA,West Swan,Primary,Average,1
NSW,West Wyalong,Secondary,Higher ,1
WA,Westminster,Combined,Higher ,1
NSW,White Cliffs,Combined,Average,1
WA,White Gum Valley,Primary,Average,1
WA,Wickepin,Primary,Higher ,1
WA,Wickham,Primary,Higher ,1
NSW,Wilcannia,Combined,Higher ,1
WA,Willagee,Primary,Higher ,1
WA,Willetton,Secondary,Average,1
WA,Williams,Primary,Average,1
NSW,Williamtown,Primary,Lower,1
WA,Wilson,Primary,Average,1
NSW,Wingham,Secondary,Higher ,1
WA,Winthrop,Primary,Average,1
WA,Witchcliffe,Combined,Average,1
WA,Wongan Hills,DISTRICT HIGH SCHOOLS,Higher ,1
WA,Woodbridge,Primary,Average,1
WA,Woodbridge,Secondary,Higher ,1
NSW,Woodenbong,Primary,Higher ,1
NSW,Woodenbong,Secondary,Higher ,1
WA,Woodlands,Combined,Average,1
WA,Woodlands,Primary,Average,1
NSW,Woodstock,Primary,Higher ,1
NSW,Woodville,Primary,Higher ,1
NSW,Woolgoolga,Secondary,Higher ,1
NSW,Woongarrah,Secondary,Average,1
WA,Wooroloo,Primary,Higher ,1
NSW,Woy Woy,Combined,Higher ,1
NSW,Wyee,Combined,Higher ,1
NSW,Wyong,Secondary,Higher ,1
NSW,Wyong Creek,Primary,Average,1
WA,Yakamia,Primary,Higher ,1
WA,Yallingup,Combined,Average,1
WA,Yanchep,Secondary,Higher ,1
WA,Yangebup,Primary,Higher ,1
WA,Yarloop,Primary,Higher ,1
NSW,Yarramalong,Combined,Higher ,1
NSW,Yass,Secondary,Higher ,1
WA,Yealering,Primary,Average,1
NSW,Yeoval,Combined,Higher ,1
WA,Yokine,Primary,Average,1
